employee,day,max shift
E10014,Monday,1.0
E10014,Tuesday,1.0
E10014,Wednesday,1.0
E10014,Thursday,1.0
E10014,Friday,1.0
E10014,Saturday,0.0
E10014,Sunday,0.0
E10020,Monday,1.0
E10020,Tuesday,0.0
E10020,Wednesday,0.0
E10020,Thursday,1.0
E10020,Friday,1.0
E10020,Saturday,1.0
E10020,Sunday,1.0
E10022,Monday,0.0
E10022,Tuesday,1.0
E10022,Wednesday,1.0
E10022,Thursday,0.0
E10022,Friday,1.0
E10022,Saturday,1.0
E10022,Sunday,1.0
E10025,Monday,1.0
E10025,Tuesday,0.0
E10025,Wednesday,1.0
E10025,Thursday,0.0
E10025,Friday,1.0
E10025,Saturday,1.0
E10025,Sunday,1.0
E10043,Monday,1.0
E10043,Tuesday,1.0
E10043,Wednesday,0.0
E10043,Thursday,1.0
E10043,Friday,0.0
E10043,Saturday,1.0
E10043,Sunday,1.0
E10045,Monday,1.0
E10045,Tuesday,0.0
E10045,Wednesday,1.0
E10045,Thursday,0.0
E10045,Friday,1.0
E10045,Saturday,1.0
E10045,Sunday,1.0
E10048,Monday,1.0
E10048,Tuesday,1.0
E10048,Wednesday,1.0
E10048,Thursday,1.0
E10048,Friday,1.0
E10048,Saturday,1.0
E10048,Sunday,0.0
E10064,Monday,0.0
E10064,Tuesday,1.0
E10064,Wednesday,1.0
E10064,Thursday,1.0
E10064,Friday,1.0
E10064,Saturday,1.0
E10064,Sunday,1.0
E10066,Monday,1.0
E10066,Tuesday,1.0
E10066,Wednesday,0.0
E10066,Thursday,1.0
E10066,Friday,1.0
E10066,Saturday,0.0
E10066,Sunday,1.0
E10072,Monday,1.0
E10072,Tuesday,0.0
E10072,Wednesday,1.0
E10072,Thursday,1.0
E10072,Friday,0.0
E10072,Saturday,1.0
E10072,Sunday,1.0
E10075,Monday,0.0
E10075,Tuesday,1.0
E10075,Wednesday,1.0
E10075,Thursday,1.0
E10075,Friday,1.0
E10075,Saturday,1.0
E10075,Sunday,1.0
E10088,Monday,0.0
E10088,Tuesday,1.0
E10088,Wednesday,1.0
E10088,Thursday,0.0
E10088,Friday,1.0
E10088,Saturday,1.0
E10088,Sunday,1.0
E10089,Monday,1.0
E10089,Tuesday,1.0
E10089,Wednesday,1.0
E10089,Thursday,1.0
E10089,Friday,1.0
E10089,Saturday,0.0
E10089,Sunday,0.0
E10090,Monday,1.0
E10090,Tuesday,1.0
E10090,Wednesday,0.0
E10090,Thursday,1.0
E10090,Friday,0.0
E10090,Saturday,1.0
E10090,Sunday,1.0
E10091,Monday,1.0
E10091,Tuesday,0.0
E10091,Wednesday,1.0
E10091,Thursday,1.0
E10091,Friday,0.0
E10091,Saturday,1.0
E10091,Sunday,1.0
E10096,Monday,1.0
E10096,Tuesday,1.0
E10096,Wednesday,0.0
E10096,Thursday,1.0
E10096,Friday,0.0
E10096,Saturday,1.0
E10096,Sunday,1.0
E10101,Monday,1.0
E10101,Tuesday,1.0
E10101,Wednesday,1.0
E10101,Thursday,0.0
E10101,Friday,1.0
E10101,Saturday,0.0
E10101,Sunday,1.0
E10102,Monday,1.0
E10102,Tuesday,1.0
E10102,Wednesday,1.0
E10102,Thursday,0.0
E10102,Friday,1.0
E10102,Saturday,1.0
E10102,Sunday,0.0
E10103,Monday,1.0
E10103,Tuesday,0.0
E10103,Wednesday,1.0
E10103,Thursday,1.0
E10103,Friday,0.0
E10103,Saturday,1.0
E10103,Sunday,1.0
E10105,Monday,1.0
E10105,Tuesday,1.0
E10105,Wednesday,1.0
E10105,Thursday,1.0
E10105,Friday,1.0
E10105,Saturday,1.0
E10105,Sunday,0.0
E10113,Monday,1.0
E10113,Tuesday,0.0
E10113,Wednesday,1.0
E10113,Thursday,0.0
E10113,Friday,1.0
E10113,Saturday,1.0
E10113,Sunday,1.0
E10116,Monday,0.0
E10116,Tuesday,0.0
E10116,Wednesday,1.0
E10116,Thursday,1.0
E10116,Friday,1.0
E10116,Saturday,1.0
E10116,Sunday,1.0
E10118,Monday,1.0
E10118,Tuesday,1.0
E10118,Wednesday,1.0
E10118,Thursday,1.0
E10118,Friday,1.0
E10118,Saturday,1.0
E10118,Sunday,0.0
E10122,Monday,1.0
E10122,Tuesday,1.0
E10122,Wednesday,1.0
E10122,Thursday,0.0
E10122,Friday,1.0
E10122,Saturday,1.0
E10122,Sunday,0.0
E10128,Monday,1.0
E10128,Tuesday,1.0
E10128,Wednesday,0.0
E10128,Thursday,1.0
E10128,Friday,0.0
E10128,Saturday,1.0
E10128,Sunday,1.0
E10137,Monday,1.0
E10137,Tuesday,1.0
E10137,Wednesday,0.0
E10137,Thursday,1.0
E10137,Friday,1.0
E10137,Saturday,0.0
E10137,Sunday,1.0
E10138,Monday,1.0
E10138,Tuesday,1.0
E10138,Wednesday,1.0
E10138,Thursday,1.0
E10138,Friday,1.0
E10138,Saturday,0.0
E10138,Sunday,0.0
E10139,Monday,1.0
E10139,Tuesday,1.0
E10139,Wednesday,1.0
E10139,Thursday,1.0
E10139,Friday,0.0
E10139,Saturday,0.0
E10139,Sunday,1.0
E10140,Monday,0.0
E10140,Tuesday,1.0
E10140,Wednesday,1.0
E10140,Thursday,1.0
E10140,Friday,1.0
E10140,Saturday,1.0
E10140,Sunday,1.0
E10141,Monday,1.0
E10141,Tuesday,1.0
E10141,Wednesday,0.0
E10141,Thursday,1.0
E10141,Friday,0.0
E10141,Saturday,1.0
E10141,Sunday,1.0
E10150,Monday,1.0
E10150,Tuesday,1.0
E10150,Wednesday,1.0
E10150,Thursday,0.0
E10150,Friday,1.0
E10150,Saturday,0.0
E10150,Sunday,1.0
E10155,Monday,1.0
E10155,Tuesday,1.0
E10155,Wednesday,1.0
E10155,Thursday,1.0
E10155,Friday,1.0
E10155,Saturday,0.0
E10155,Sunday,0.0
E10158,Monday,1.0
E10158,Tuesday,1.0
E10158,Wednesday,1.0
E10158,Thursday,1.0
E10158,Friday,1.0
E10158,Saturday,0.0
E10158,Sunday,0.0
E10162,Monday,1.0
E10162,Tuesday,0.0
E10162,Wednesday,0.0
E10162,Thursday,1.0
E10162,Friday,1.0
E10162,Saturday,1.0
E10162,Sunday,1.0
E10164,Monday,0.0
E10164,Tuesday,1.0
E10164,Wednesday,1.0
E10164,Thursday,0.0
E10164,Friday,1.0
E10164,Saturday,1.0
E10164,Sunday,1.0
E10166,Monday,1.0
E10166,Tuesday,0.0
E10166,Wednesday,1.0
E10166,Thursday,0.0
E10166,Friday,1.0
E10166,Saturday,1.0
E10166,Sunday,1.0
E10178,Monday,1.0
E10178,Tuesday,1.0
E10178,Wednesday,0.0
E10178,Thursday,1.0
E10178,Friday,0.0
E10178,Saturday,1.0
E10178,Sunday,1.0
E10179,Monday,1.0
E10179,Tuesday,0.0
E10179,Wednesday,1.0
E10179,Thursday,0.0
E10179,Friday,1.0
E10179,Saturday,1.0
E10179,Sunday,1.0
E10181,Monday,1.0
E10181,Tuesday,1.0
E10181,Wednesday,1.0
E10181,Thursday,1.0
E10181,Friday,1.0
E10181,Saturday,1.0
E10181,Sunday,0.0
E10192,Monday,0.0
E10192,Tuesday,1.0
E10192,Wednesday,1.0
E10192,Thursday,1.0
E10192,Friday,1.0
E10192,Saturday,1.0
E10192,Sunday,1.0
E10194,Monday,1.0
E10194,Tuesday,1.0
E10194,Wednesday,0.0
E10194,Thursday,1.0
E10194,Friday,1.0
E10194,Saturday,0.0
E10194,Sunday,1.0
E10201,Monday,1.0
E10201,Tuesday,0.0
E10201,Wednesday,1.0
E10201,Thursday,1.0
E10201,Friday,0.0
E10201,Saturday,1.0
E10201,Sunday,1.0
E10204,Monday,0.0
E10204,Tuesday,1.0
E10204,Wednesday,1.0
E10204,Thursday,1.0
E10204,Friday,1.0
E10204,Saturday,1.0
E10204,Sunday,1.0
E10206,Monday,0.0
E10206,Tuesday,1.0
E10206,Wednesday,1.0
E10206,Thursday,0.0
E10206,Friday,1.0
E10206,Saturday,1.0
E10206,Sunday,1.0
E10207,Monday,1.0
E10207,Tuesday,1.0
E10207,Wednesday,1.0
E10207,Thursday,1.0
E10207,Friday,1.0
E10207,Saturday,0.0
E10207,Sunday,0.0
E10212,Monday,1.0
E10212,Tuesday,1.0
E10212,Wednesday,0.0
E10212,Thursday,1.0
E10212,Friday,0.0
E10212,Saturday,1.0
E10212,Sunday,1.0
E10221,Monday,1.0
E10221,Tuesday,0.0
E10221,Wednesday,1.0
E10221,Thursday,1.0
E10221,Friday,0.0
E10221,Saturday,1.0
E10221,Sunday,1.0
E10222,Monday,1.0
E10222,Tuesday,1.0
E10222,Wednesday,0.0
E10222,Thursday,1.0
E10222,Friday,0.0
E10222,Saturday,1.0
E10222,Sunday,1.0
E10225,Monday,1.0
E10225,Tuesday,1.0
E10225,Wednesday,1.0
E10225,Thursday,0.0
E10225,Friday,1.0
E10225,Saturday,0.0
E10225,Sunday,1.0
E10226,Monday,1.0
E10226,Tuesday,1.0
E10226,Wednesday,1.0
E10226,Thursday,0.0
E10226,Friday,1.0
E10226,Saturday,1.0
E10226,Sunday,0.0
E10229,Monday,1.0
E10229,Tuesday,0.0
E10229,Wednesday,1.0
E10229,Thursday,1.0
E10229,Friday,0.0
E10229,Saturday,1.0
E10229,Sunday,1.0
E10236,Monday,1.0
E10236,Tuesday,1.0
E10236,Wednesday,1.0
E10236,Thursday,1.0
E10236,Friday,1.0
E10236,Saturday,1.0
E10236,Sunday,0.0
E10240,Monday,1.0
E10240,Tuesday,0.0
E10240,Wednesday,1.0
E10240,Thursday,0.0
E10240,Friday,1.0
E10240,Saturday,1.0
E10240,Sunday,1.0
E10250,Monday,0.0
E10250,Tuesday,0.0
E10250,Wednesday,1.0
E10250,Thursday,1.0
E10250,Friday,1.0
E10250,Saturday,1.0
E10250,Sunday,1.0
E10252,Monday,1.0
E10252,Tuesday,1.0
E10252,Wednesday,1.0
E10252,Thursday,1.0
E10252,Friday,1.0
E10252,Saturday,1.0
E10252,Sunday,0.0
E10253,Monday,1.0
E10253,Tuesday,1.0
E10253,Wednesday,1.0
E10253,Thursday,0.0
E10253,Friday,1.0
E10253,Saturday,1.0
E10253,Sunday,0.0
E10259,Monday,1.0
E10259,Tuesday,1.0
E10259,Wednesday,0.0
E10259,Thursday,1.0
E10259,Friday,0.0
E10259,Saturday,1.0
E10259,Sunday,1.0
E10269,Monday,1.0
E10269,Tuesday,1.0
E10269,Wednesday,0.0
E10269,Thursday,1.0
E10269,Friday,1.0
E10269,Saturday,0.0
E10269,Sunday,1.0
E10270,Monday,1.0
E10270,Tuesday,1.0
E10270,Wednesday,1.0
E10270,Thursday,1.0
E10270,Friday,1.0
E10270,Saturday,0.0
E10270,Sunday,0.0
E10275,Monday,1.0
E10275,Tuesday,1.0
E10275,Wednesday,1.0
E10275,Thursday,1.0
E10275,Friday,0.0
E10275,Saturday,0.0
E10275,Sunday,1.0
E10282,Monday,0.0
E10282,Tuesday,1.0
E10282,Wednesday,1.0
E10282,Thursday,1.0
E10282,Friday,1.0
E10282,Saturday,1.0
E10282,Sunday,1.0
E10289,Monday,1.0
E10289,Tuesday,1.0
E10289,Wednesday,0.0
E10289,Thursday,1.0
E10289,Friday,0.0
E10289,Saturday,1.0
E10289,Sunday,1.0
E10292,Monday,1.0
E10292,Tuesday,1.0
E10292,Wednesday,1.0
E10292,Thursday,0.0
E10292,Friday,1.0
E10292,Saturday,0.0
E10292,Sunday,1.0
E10297,Monday,1.0
E10297,Tuesday,1.0
E10297,Wednesday,1.0
E10297,Thursday,1.0
E10297,Friday,1.0
E10297,Saturday,0.0
E10297,Sunday,0.0
E10298,Monday,1.0
E10298,Tuesday,1.0
E10298,Wednesday,1.0
E10298,Thursday,1.0
E10298,Friday,1.0
E10298,Saturday,0.0
E10298,Sunday,0.0
E10300,Monday,1.0
E10300,Tuesday,0.0
E10300,Wednesday,0.0
E10300,Thursday,1.0
E10300,Friday,1.0
E10300,Saturday,1.0
E10300,Sunday,1.0
E10301,Monday,0.0
E10301,Tuesday,1.0
E10301,Wednesday,1.0
E10301,Thursday,0.0
E10301,Friday,1.0
E10301,Saturday,1.0
E10301,Sunday,1.0
E10302,Monday,1.0
E10302,Tuesday,0.0
E10302,Wednesday,1.0
E10302,Thursday,0.0
E10302,Friday,1.0
E10302,Saturday,1.0
E10302,Sunday,1.0
E10308,Monday,1.0
E10308,Tuesday,1.0
E10308,Wednesday,0.0
E10308,Thursday,1.0
E10308,Friday,0.0
E10308,Saturday,1.0
E10308,Sunday,1.0
E10309,Monday,1.0
E10309,Tuesday,0.0
E10309,Wednesday,1.0
E10309,Thursday,0.0
E10309,Friday,1.0
E10309,Saturday,1.0
E10309,Sunday,1.0
E10310,Monday,1.0
E10310,Tuesday,1.0
E10310,Wednesday,1.0
E10310,Thursday,1.0
E10310,Friday,1.0
E10310,Saturday,1.0
E10310,Sunday,0.0
E10320,Monday,0.0
E10320,Tuesday,1.0
E10320,Wednesday,1.0
E10320,Thursday,1.0
E10320,Friday,1.0
E10320,Saturday,1.0
E10320,Sunday,1.0
E10321,Monday,1.0
E10321,Tuesday,1.0
E10321,Wednesday,0.0
E10321,Thursday,1.0
E10321,Friday,1.0
E10321,Saturday,0.0
E10321,Sunday,1.0
E10324,Monday,1.0
E10324,Tuesday,0.0
E10324,Wednesday,1.0
E10324,Thursday,1.0
E10324,Friday,0.0
E10324,Saturday,1.0
E10324,Sunday,1.0
E10330,Monday,0.0
E10330,Tuesday,1.0
E10330,Wednesday,1.0
E10330,Thursday,1.0
E10330,Friday,1.0
E10330,Saturday,1.0
E10330,Sunday,1.0
E10338,Monday,0.0
E10338,Tuesday,1.0
E10338,Wednesday,1.0
E10338,Thursday,0.0
E10338,Friday,1.0
E10338,Saturday,1.0
E10338,Sunday,1.0
E10343,Monday,1.0
E10343,Tuesday,1.0
E10343,Wednesday,1.0
E10343,Thursday,1.0
E10343,Friday,1.0
E10343,Saturday,0.0
E10343,Sunday,0.0
E10347,Monday,1.0
E10347,Tuesday,1.0
E10347,Wednesday,0.0
E10347,Thursday,1.0
E10347,Friday,0.0
E10347,Saturday,1.0
E10347,Sunday,1.0
E10349,Monday,1.0
E10349,Tuesday,0.0
E10349,Wednesday,1.0
E10349,Thursday,1.0
E10349,Friday,0.0
E10349,Saturday,1.0
E10349,Sunday,1.0
E10350,Monday,1.0
E10350,Tuesday,1.0
E10350,Wednesday,0.0
E10350,Thursday,1.0
E10350,Friday,0.0
E10350,Saturday,1.0
E10350,Sunday,1.0
E10352,Monday,1.0
E10352,Tuesday,1.0
E10352,Wednesday,1.0
E10352,Thursday,0.0
E10352,Friday,1.0
E10352,Saturday,0.0
E10352,Sunday,1.0
E10354,Monday,1.0
E10354,Tuesday,1.0
E10354,Wednesday,1.0
E10354,Thursday,0.0
E10354,Friday,1.0
E10354,Saturday,1.0
E10354,Sunday,0.0
E10359,Monday,1.0
E10359,Tuesday,0.0
E10359,Wednesday,1.0
E10359,Thursday,1.0
E10359,Friday,0.0
E10359,Saturday,1.0
E10359,Sunday,1.0
E10362,Monday,1.0
E10362,Tuesday,1.0
E10362,Wednesday,1.0
E10362,Thursday,1.0
E10362,Friday,1.0
E10362,Saturday,1.0
E10362,Sunday,0.0
E10365,Monday,1.0
E10365,Tuesday,0.0
E10365,Wednesday,1.0
E10365,Thursday,0.0
E10365,Friday,1.0
E10365,Saturday,1.0
E10365,Sunday,1.0
E10378,Monday,0.0
E10378,Tuesday,0.0
E10378,Wednesday,1.0
E10378,Thursday,1.0
E10378,Friday,1.0
E10378,Saturday,1.0
E10378,Sunday,1.0
E10386,Monday,1.0
E10386,Tuesday,1.0
E10386,Wednesday,1.0
E10386,Thursday,1.0
E10386,Friday,1.0
E10386,Saturday,1.0
E10386,Sunday,0.0
E10390,Monday,1.0
E10390,Tuesday,1.0
E10390,Wednesday,1.0
E10390,Thursday,0.0
E10390,Friday,1.0
E10390,Saturday,1.0
E10390,Sunday,0.0
E10394,Monday,1.0
E10394,Tuesday,1.0
E10394,Wednesday,0.0
E10394,Thursday,1.0
E10394,Friday,0.0
E10394,Saturday,1.0
E10394,Sunday,1.0
E10395,Monday,1.0
E10395,Tuesday,1.0
E10395,Wednesday,0.0
E10395,Thursday,1.0
E10395,Friday,1.0
E10395,Saturday,0.0
E10395,Sunday,1.0
E10398,Monday,1.0
E10398,Tuesday,1.0
E10398,Wednesday,1.0
E10398,Thursday,1.0
E10398,Friday,1.0
E10398,Saturday,0.0
E10398,Sunday,0.0
E10399,Monday,1.0
E10399,Tuesday,1.0
E10399,Wednesday,1.0
E10399,Thursday,1.0
E10399,Friday,0.0
E10399,Saturday,0.0
E10399,Sunday,1.0
E10401,Monday,0.0
E10401,Tuesday,1.0
E10401,Wednesday,1.0
E10401,Thursday,1.0
E10401,Friday,1.0
E10401,Saturday,1.0
E10401,Sunday,1.0
E10402,Monday,1.0
E10402,Tuesday,1.0
E10402,Wednesday,0.0
E10402,Thursday,1.0
E10402,Friday,0.0
E10402,Saturday,1.0
E10402,Sunday,1.0
E10406,Monday,1.0
E10406,Tuesday,1.0
E10406,Wednesday,1.0
E10406,Thursday,0.0
E10406,Friday,1.0
E10406,Saturday,0.0
E10406,Sunday,1.0
E10407,Monday,1.0
E10407,Tuesday,1.0
E10407,Wednesday,1.0
E10407,Thursday,1.0
E10407,Friday,1.0
E10407,Saturday,0.0
E10407,Sunday,0.0
E10410,Monday,1.0
E10410,Tuesday,1.0
E10410,Wednesday,1.0
E10410,Thursday,1.0
E10410,Friday,1.0
E10410,Saturday,0.0
E10410,Sunday,0.0
E10415,Monday,1.0
E10415,Tuesday,0.0
E10415,Wednesday,0.0
E10415,Thursday,1.0
E10415,Friday,1.0
E10415,Saturday,1.0
E10415,Sunday,1.0
E10426,Monday,0.0
E10426,Tuesday,1.0
E10426,Wednesday,1.0
E10426,Thursday,0.0
E10426,Friday,1.0
E10426,Saturday,1.0
E10426,Sunday,1.0
E10430,Monday,1.0
E10430,Tuesday,0.0
E10430,Wednesday,1.0
E10430,Thursday,0.0
E10430,Friday,1.0
E10430,Saturday,1.0
E10430,Sunday,1.0
E10436,Monday,1.0
E10436,Tuesday,1.0
E10436,Wednesday,0.0
E10436,Thursday,1.0
E10436,Friday,0.0
E10436,Saturday,1.0
E10436,Sunday,1.0
E10447,Monday,1.0
E10447,Tuesday,0.0
E10447,Wednesday,1.0
E10447,Thursday,0.0
E10447,Friday,1.0
E10447,Saturday,1.0
E10447,Sunday,1.0
E10457,Monday,1.0
E10457,Tuesday,1.0
E10457,Wednesday,1.0
E10457,Thursday,1.0
E10457,Friday,1.0
E10457,Saturday,1.0
E10457,Sunday,0.0
E10461,Monday,0.0
E10461,Tuesday,1.0
E10461,Wednesday,1.0
E10461,Thursday,1.0
E10461,Friday,1.0
E10461,Saturday,1.0
E10461,Sunday,1.0
E10464,Monday,1.0
E10464,Tuesday,1.0
E10464,Wednesday,0.0
E10464,Thursday,1.0
E10464,Friday,1.0
E10464,Saturday,0.0
E10464,Sunday,1.0
E10465,Monday,1.0
E10465,Tuesday,0.0
E10465,Wednesday,1.0
E10465,Thursday,1.0
E10465,Friday,0.0
E10465,Saturday,1.0
E10465,Sunday,1.0
E10471,Monday,0.0
E10471,Tuesday,1.0
E10471,Wednesday,1.0
E10471,Thursday,1.0
E10471,Friday,1.0
E10471,Saturday,1.0
E10471,Sunday,1.0
E10473,Monday,0.0
E10473,Tuesday,1.0
E10473,Wednesday,1.0
E10473,Thursday,0.0
E10473,Friday,1.0
E10473,Saturday,1.0
E10473,Sunday,1.0
E10480,Monday,1.0
E10480,Tuesday,1.0
E10480,Wednesday,1.0
E10480,Thursday,1.0
E10480,Friday,1.0
E10480,Saturday,0.0
E10480,Sunday,0.0
E10486,Monday,1.0
E10486,Tuesday,1.0
E10486,Wednesday,0.0
E10486,Thursday,1.0
E10486,Friday,0.0
E10486,Saturday,1.0
E10486,Sunday,1.0
E10504,Monday,1.0
E10504,Tuesday,0.0
E10504,Wednesday,1.0
E10504,Thursday,1.0
E10504,Friday,0.0
E10504,Saturday,1.0
E10504,Sunday,1.0
E10505,Monday,1.0
E10505,Tuesday,1.0
E10505,Wednesday,0.0
E10505,Thursday,1.0
E10505,Friday,0.0
E10505,Saturday,1.0
E10505,Sunday,1.0
E10514,Monday,1.0
E10514,Tuesday,1.0
E10514,Wednesday,1.0
E10514,Thursday,0.0
E10514,Friday,1.0
E10514,Saturday,0.0
E10514,Sunday,1.0
E10544,Monday,1.0
E10544,Tuesday,1.0
E10544,Wednesday,1.0
E10544,Thursday,0.0
E10544,Friday,1.0
E10544,Saturday,1.0
E10544,Sunday,0.0
E10551,Monday,1.0
E10551,Tuesday,0.0
E10551,Wednesday,1.0
E10551,Thursday,1.0
E10551,Friday,0.0
E10551,Saturday,1.0
E10551,Sunday,1.0
E10553,Monday,1.0
E10553,Tuesday,1.0
E10553,Wednesday,1.0
E10553,Thursday,1.0
E10553,Friday,1.0
E10553,Saturday,1.0
E10553,Sunday,0.0
E10562,Monday,1.0
E10562,Tuesday,0.0
E10562,Wednesday,1.0
E10562,Thursday,0.0
E10562,Friday,1.0
E10562,Saturday,1.0
E10562,Sunday,1.0
E10563,Monday,0.0
E10563,Tuesday,0.0
E10563,Wednesday,1.0
E10563,Thursday,1.0
E10563,Friday,1.0
E10563,Saturday,1.0
E10563,Sunday,1.0
E10565,Monday,1.0
E10565,Tuesday,1.0
E10565,Wednesday,1.0
E10565,Thursday,1.0
E10565,Friday,1.0
E10565,Saturday,1.0
E10565,Sunday,0.0
E10566,Monday,1.0
E10566,Tuesday,1.0
E10566,Wednesday,1.0
E10566,Thursday,0.0
E10566,Friday,1.0
E10566,Saturday,1.0
E10566,Sunday,0.0
E10575,Monday,1.0
E10575,Tuesday,1.0
E10575,Wednesday,0.0
E10575,Thursday,1.0
E10575,Friday,0.0
E10575,Saturday,1.0
E10575,Sunday,1.0
E10578,Monday,1.0
E10578,Tuesday,1.0
E10578,Wednesday,0.0
E10578,Thursday,1.0
E10578,Friday,1.0
E10578,Saturday,0.0
E10578,Sunday,1.0
E10580,Monday,1.0
E10580,Tuesday,1.0
E10580,Wednesday,1.0
E10580,Thursday,1.0
E10580,Friday,1.0
E10580,Saturday,0.0
E10580,Sunday,0.0
E10583,Monday,1.0
E10583,Tuesday,1.0
E10583,Wednesday,1.0
E10583,Thursday,1.0
E10583,Friday,0.0
E10583,Saturday,0.0
E10583,Sunday,1.0
E10585,Monday,0.0
E10585,Tuesday,1.0
E10585,Wednesday,1.0
E10585,Thursday,1.0
E10585,Friday,1.0
E10585,Saturday,1.0
E10585,Sunday,1.0
E10592,Monday,1.0
E10592,Tuesday,1.0
E10592,Wednesday,0.0
E10592,Thursday,1.0
E10592,Friday,0.0
E10592,Saturday,1.0
E10592,Sunday,1.0
E10593,Monday,1.0
E10593,Tuesday,1.0
E10593,Wednesday,1.0
E10593,Thursday,0.0
E10593,Friday,1.0
E10593,Saturday,0.0
E10593,Sunday,1.0
E10596,Monday,1.0
E10596,Tuesday,1.0
E10596,Wednesday,1.0
E10596,Thursday,1.0
E10596,Friday,1.0
E10596,Saturday,0.0
E10596,Sunday,0.0
E10598,Monday,1.0
E10598,Tuesday,1.0
E10598,Wednesday,1.0
E10598,Thursday,1.0
E10598,Friday,1.0
E10598,Saturday,0.0
E10598,Sunday,0.0
E10600,Monday,1.0
E10600,Tuesday,0.0
E10600,Wednesday,0.0
E10600,Thursday,1.0
E10600,Friday,1.0
E10600,Saturday,1.0
E10600,Sunday,1.0
E10602,Monday,0.0
E10602,Tuesday,1.0
E10602,Wednesday,1.0
E10602,Thursday,0.0
E10602,Friday,1.0
E10602,Saturday,1.0
E10602,Sunday,1.0
E10613,Monday,1.0
E10613,Tuesday,0.0
E10613,Wednesday,1.0
E10613,Thursday,0.0
E10613,Friday,1.0
E10613,Saturday,1.0
E10613,Sunday,1.0
E10629,Monday,1.0
E10629,Tuesday,1.0
E10629,Wednesday,0.0
E10629,Thursday,1.0
E10629,Friday,0.0
E10629,Saturday,1.0
E10629,Sunday,1.0
E10655,Monday,1.0
E10655,Tuesday,0.0
E10655,Wednesday,1.0
E10655,Thursday,0.0
E10655,Friday,1.0
E10655,Saturday,1.0
E10655,Sunday,1.0
E10658,Monday,1.0
E10658,Tuesday,1.0
E10658,Wednesday,1.0
E10658,Thursday,1.0
E10658,Friday,1.0
E10658,Saturday,1.0
E10658,Sunday,0.0
E10659,Monday,0.0
E10659,Tuesday,1.0
E10659,Wednesday,1.0
E10659,Thursday,1.0
E10659,Friday,1.0
E10659,Saturday,1.0
E10659,Sunday,1.0
E10661,Monday,1.0
E10661,Tuesday,1.0
E10661,Wednesday,0.0
E10661,Thursday,1.0
E10661,Friday,1.0
E10661,Saturday,0.0
E10661,Sunday,1.0
E10666,Monday,1.0
E10666,Tuesday,0.0
E10666,Wednesday,1.0
E10666,Thursday,1.0
E10666,Friday,0.0
E10666,Saturday,1.0
E10666,Sunday,1.0
E10672,Monday,0.0
E10672,Tuesday,1.0
E10672,Wednesday,1.0
E10672,Thursday,1.0
E10672,Friday,1.0
E10672,Saturday,1.0
E10672,Sunday,1.0
E10676,Monday,0.0
E10676,Tuesday,1.0
E10676,Wednesday,1.0
E10676,Thursday,0.0
E10676,Friday,1.0
E10676,Saturday,1.0
E10676,Sunday,1.0
E10678,Monday,1.0
E10678,Tuesday,1.0
E10678,Wednesday,1.0
E10678,Thursday,1.0
E10678,Friday,1.0
E10678,Saturday,0.0
E10678,Sunday,0.0
E10680,Monday,1.0
E10680,Tuesday,1.0
E10680,Wednesday,0.0
E10680,Thursday,1.0
E10680,Friday,0.0
E10680,Saturday,1.0
E10680,Sunday,1.0
E10681,Monday,1.0
E10681,Tuesday,0.0
E10681,Wednesday,1.0
E10681,Thursday,1.0
E10681,Friday,0.0
E10681,Saturday,1.0
E10681,Sunday,1.0
E10684,Monday,1.0
E10684,Tuesday,1.0
E10684,Wednesday,0.0
E10684,Thursday,1.0
E10684,Friday,0.0
E10684,Saturday,1.0
E10684,Sunday,1.0
E10688,Monday,1.0
E10688,Tuesday,1.0
E10688,Wednesday,1.0
E10688,Thursday,0.0
E10688,Friday,1.0
E10688,Saturday,0.0
E10688,Sunday,1.0
E10692,Monday,1.0
E10692,Tuesday,1.0
E10692,Wednesday,1.0
E10692,Thursday,0.0
E10692,Friday,1.0
E10692,Saturday,1.0
E10692,Sunday,0.0
E10695,Monday,1.0
E10695,Tuesday,0.0
E10695,Wednesday,1.0
E10695,Thursday,1.0
E10695,Friday,0.0
E10695,Saturday,1.0
E10695,Sunday,1.0
E10696,Monday,1.0
E10696,Tuesday,1.0
E10696,Wednesday,1.0
E10696,Thursday,1.0
E10696,Friday,1.0
E10696,Saturday,1.0
E10696,Sunday,0.0
E10700,Monday,1.0
E10700,Tuesday,0.0
E10700,Wednesday,1.0
E10700,Thursday,0.0
E10700,Friday,1.0
E10700,Saturday,1.0
E10700,Sunday,1.0
E10704,Monday,0.0
E10704,Tuesday,0.0
E10704,Wednesday,1.0
E10704,Thursday,1.0
E10704,Friday,1.0
E10704,Saturday,1.0
E10704,Sunday,1.0
E10710,Monday,1.0
E10710,Tuesday,1.0
E10710,Wednesday,1.0
E10710,Thursday,1.0
E10710,Friday,1.0
E10710,Saturday,1.0
E10710,Sunday,0.0
E10711,Monday,1.0
E10711,Tuesday,1.0
E10711,Wednesday,1.0
E10711,Thursday,0.0
E10711,Friday,1.0
E10711,Saturday,1.0
E10711,Sunday,0.0
E10712,Monday,1.0
E10712,Tuesday,1.0
E10712,Wednesday,0.0
E10712,Thursday,1.0
E10712,Friday,0.0
E10712,Saturday,1.0
E10712,Sunday,1.0
E10713,Monday,1.0
E10713,Tuesday,1.0
E10713,Wednesday,0.0
E10713,Thursday,1.0
E10713,Friday,1.0
E10713,Saturday,0.0
E10713,Sunday,1.0
E10714,Monday,1.0
E10714,Tuesday,1.0
E10714,Wednesday,1.0
E10714,Thursday,1.0
E10714,Friday,1.0
E10714,Saturday,0.0
E10714,Sunday,0.0
E10716,Monday,1.0
E10716,Tuesday,1.0
E10716,Wednesday,1.0
E10716,Thursday,1.0
E10716,Friday,0.0
E10716,Saturday,0.0
E10716,Sunday,1.0
E10717,Monday,0.0
E10717,Tuesday,1.0
E10717,Wednesday,1.0
E10717,Thursday,1.0
E10717,Friday,1.0
E10717,Saturday,1.0
E10717,Sunday,1.0
E10718,Monday,1.0
E10718,Tuesday,1.0
E10718,Wednesday,0.0
E10718,Thursday,1.0
E10718,Friday,0.0
E10718,Saturday,1.0
E10718,Sunday,1.0
E10719,Monday,1.0
E10719,Tuesday,1.0
E10719,Wednesday,1.0
E10719,Thursday,0.0
E10719,Friday,1.0
E10719,Saturday,0.0
E10719,Sunday,1.0
E10721,Monday,1.0
E10721,Tuesday,1.0
E10721,Wednesday,1.0
E10721,Thursday,1.0
E10721,Friday,1.0
E10721,Saturday,0.0
E10721,Sunday,0.0
E10722,Monday,1.0
E10722,Tuesday,1.0
E10722,Wednesday,1.0
E10722,Thursday,1.0
E10722,Friday,1.0
E10722,Saturday,0.0
E10722,Sunday,0.0
E10723,Monday,1.0
E10723,Tuesday,0.0
E10723,Wednesday,0.0
E10723,Thursday,1.0
E10723,Friday,1.0
E10723,Saturday,1.0
E10723,Sunday,1.0
E10725,Monday,0.0
E10725,Tuesday,1.0
E10725,Wednesday,1.0
E10725,Thursday,0.0
E10725,Friday,1.0
E10725,Saturday,1.0
E10725,Sunday,1.0
E10726,Monday,1.0
E10726,Tuesday,0.0
E10726,Wednesday,1.0
E10726,Thursday,0.0
E10726,Friday,1.0
E10726,Saturday,1.0
E10726,Sunday,1.0
E10727,Monday,1.0
E10727,Tuesday,1.0
E10727,Wednesday,0.0
E10727,Thursday,1.0
E10727,Friday,0.0
E10727,Saturday,1.0
E10727,Sunday,1.0
E10729,Monday,1.0
E10729,Tuesday,0.0
E10729,Wednesday,1.0
E10729,Thursday,0.0
E10729,Friday,1.0
E10729,Saturday,1.0
E10729,Sunday,1.0
E10730,Monday,1.0
E10730,Tuesday,1.0
E10730,Wednesday,1.0
E10730,Thursday,1.0
E10730,Friday,1.0
E10730,Saturday,1.0
E10730,Sunday,0.0
E10731,Monday,0.0
E10731,Tuesday,1.0
E10731,Wednesday,1.0
E10731,Thursday,1.0
E10731,Friday,1.0
E10731,Saturday,1.0
E10731,Sunday,1.0
E10733,Monday,1.0
E10733,Tuesday,1.0
E10733,Wednesday,0.0
E10733,Thursday,1.0
E10733,Friday,1.0
E10733,Saturday,0.0
E10733,Sunday,1.0
E10734,Monday,1.0
E10734,Tuesday,0.0
E10734,Wednesday,1.0
E10734,Thursday,1.0
E10734,Friday,0.0
E10734,Saturday,1.0
E10734,Sunday,1.0
E10735,Monday,0.0
E10735,Tuesday,1.0
E10735,Wednesday,1.0
E10735,Thursday,1.0
E10735,Friday,1.0
E10735,Saturday,1.0
E10735,Sunday,1.0
E10736,Monday,0.0
E10736,Tuesday,1.0
E10736,Wednesday,1.0
E10736,Thursday,0.0
E10736,Friday,1.0
E10736,Saturday,1.0
E10736,Sunday,1.0
E10737,Monday,1.0
E10737,Tuesday,1.0
E10737,Wednesday,1.0
E10737,Thursday,1.0
E10737,Friday,1.0
E10737,Saturday,0.0
E10737,Sunday,0.0
E10738,Monday,1.0
E10738,Tuesday,1.0
E10738,Wednesday,0.0
E10738,Thursday,1.0
E10738,Friday,0.0
E10738,Saturday,1.0
E10738,Sunday,1.0
E10739,Monday,1.0
E10739,Tuesday,0.0
E10739,Wednesday,1.0
E10739,Thursday,1.0
E10739,Friday,0.0
E10739,Saturday,1.0
E10739,Sunday,1.0
E10740,Monday,1.0
E10740,Tuesday,1.0
E10740,Wednesday,0.0
E10740,Thursday,1.0
E10740,Friday,0.0
E10740,Saturday,1.0
E10740,Sunday,1.0
E10741,Monday,1.0
E10741,Tuesday,1.0
E10741,Wednesday,1.0
E10741,Thursday,0.0
E10741,Friday,1.0
E10741,Saturday,0.0
E10741,Sunday,1.0
E10743,Monday,1.0
E10743,Tuesday,1.0
E10743,Wednesday,1.0
E10743,Thursday,0.0
E10743,Friday,1.0
E10743,Saturday,1.0
E10743,Sunday,0.0
E10745,Monday,1.0
E10745,Tuesday,0.0
E10745,Wednesday,1.0
E10745,Thursday,1.0
E10745,Friday,0.0
E10745,Saturday,1.0
E10745,Sunday,1.0
E10746,Monday,1.0
E10746,Tuesday,1.0
E10746,Wednesday,1.0
E10746,Thursday,1.0
E10746,Friday,1.0
E10746,Saturday,1.0
E10746,Sunday,0.0
E10747,Monday,1.0
E10747,Tuesday,0.0
E10747,Wednesday,1.0
E10747,Thursday,0.0
E10747,Friday,1.0
E10747,Saturday,1.0
E10747,Sunday,1.0
E10748,Monday,0.0
E10748,Tuesday,0.0
E10748,Wednesday,1.0
E10748,Thursday,1.0
E10748,Friday,1.0
E10748,Saturday,1.0
E10748,Sunday,1.0
E10751,Monday,1.0
E10751,Tuesday,1.0
E10751,Wednesday,1.0
E10751,Thursday,1.0
E10751,Friday,1.0
E10751,Saturday,1.0
E10751,Sunday,0.0
E10752,Monday,1.0
E10752,Tuesday,1.0
E10752,Wednesday,1.0
E10752,Thursday,0.0
E10752,Friday,1.0
E10752,Saturday,1.0
E10752,Sunday,0.0
E10753,Monday,1.0
E10753,Tuesday,1.0
E10753,Wednesday,0.0
E10753,Thursday,1.0
E10753,Friday,0.0
E10753,Saturday,1.0
E10753,Sunday,1.0
E10755,Monday,1.0
E10755,Tuesday,1.0
E10755,Wednesday,0.0
E10755,Thursday,1.0
E10755,Friday,1.0
E10755,Saturday,0.0
E10755,Sunday,1.0
E10756,Monday,1.0
E10756,Tuesday,1.0
E10756,Wednesday,1.0
E10756,Thursday,1.0
E10756,Friday,1.0
E10756,Saturday,0.0
E10756,Sunday,0.0
E10757,Monday,1.0
E10757,Tuesday,1.0
E10757,Wednesday,1.0
E10757,Thursday,1.0
E10757,Friday,0.0
E10757,Saturday,0.0
E10757,Sunday,1.0
E10758,Monday,0.0
E10758,Tuesday,1.0
E10758,Wednesday,1.0
E10758,Thursday,1.0
E10758,Friday,1.0
E10758,Saturday,1.0
E10758,Sunday,1.0
E10759,Monday,1.0
E10759,Tuesday,1.0
E10759,Wednesday,0.0
E10759,Thursday,1.0
E10759,Friday,0.0
E10759,Saturday,1.0
E10759,Sunday,1.0
E10760,Monday,1.0
E10760,Tuesday,1.0
E10760,Wednesday,1.0
E10760,Thursday,0.0
E10760,Friday,1.0
E10760,Saturday,0.0
E10760,Sunday,1.0
E10763,Monday,1.0
E10763,Tuesday,1.0
E10763,Wednesday,1.0
E10763,Thursday,1.0
E10763,Friday,1.0
E10763,Saturday,0.0
E10763,Sunday,0.0
E10764,Monday,1.0
E10764,Tuesday,1.0
E10764,Wednesday,1.0
E10764,Thursday,1.0
E10764,Friday,1.0
E10764,Saturday,0.0
E10764,Sunday,0.0
E10765,Monday,1.0
E10765,Tuesday,0.0
E10765,Wednesday,0.0
E10765,Thursday,1.0
E10765,Friday,1.0
E10765,Saturday,1.0
E10765,Sunday,1.0
E10766,Monday,0.0
E10766,Tuesday,1.0
E10766,Wednesday,1.0
E10766,Thursday,0.0
E10766,Friday,1.0
E10766,Saturday,1.0
E10766,Sunday,1.0
E10768,Monday,1.0
E10768,Tuesday,0.0
E10768,Wednesday,1.0
E10768,Thursday,0.0
E10768,Friday,1.0
E10768,Saturday,1.0
E10768,Sunday,1.0
E10774,Monday,1.0
E10774,Tuesday,1.0
E10774,Wednesday,0.0
E10774,Thursday,1.0
E10774,Friday,0.0
E10774,Saturday,1.0
E10774,Sunday,1.0
E10777,Monday,1.0
E10777,Tuesday,0.0
E10777,Wednesday,1.0
E10777,Thursday,0.0
E10777,Friday,1.0
E10777,Saturday,1.0
E10777,Sunday,1.0
E10778,Monday,1.0
E10778,Tuesday,1.0
E10778,Wednesday,1.0
E10778,Thursday,1.0
E10778,Friday,1.0
E10778,Saturday,1.0
E10778,Sunday,0.0
E10779,Monday,0.0
E10779,Tuesday,1.0
E10779,Wednesday,1.0
E10779,Thursday,1.0
E10779,Friday,1.0
E10779,Saturday,1.0
E10779,Sunday,1.0
E10780,Monday,1.0
E10780,Tuesday,1.0
E10780,Wednesday,0.0
E10780,Thursday,1.0
E10780,Friday,1.0
E10780,Saturday,0.0
E10780,Sunday,1.0
E10781,Monday,1.0
E10781,Tuesday,0.0
E10781,Wednesday,1.0
E10781,Thursday,1.0
E10781,Friday,0.0
E10781,Saturday,1.0
E10781,Sunday,1.0
E10782,Monday,0.0
E10782,Tuesday,1.0
E10782,Wednesday,1.0
E10782,Thursday,1.0
E10782,Friday,1.0
E10782,Saturday,1.0
E10782,Sunday,1.0
E10783,Monday,0.0
E10783,Tuesday,1.0
E10783,Wednesday,1.0
E10783,Thursday,0.0
E10783,Friday,1.0
E10783,Saturday,1.0
E10783,Sunday,1.0
E10784,Monday,1.0
E10784,Tuesday,1.0
E10784,Wednesday,1.0
E10784,Thursday,1.0
E10784,Friday,1.0
E10784,Saturday,0.0
E10784,Sunday,0.0
E10785,Monday,1.0
E10785,Tuesday,1.0
E10785,Wednesday,0.0
E10785,Thursday,1.0
E10785,Friday,0.0
E10785,Saturday,1.0
E10785,Sunday,1.0
E10786,Monday,1.0
E10786,Tuesday,0.0
E10786,Wednesday,1.0
E10786,Thursday,1.0
E10786,Friday,0.0
E10786,Saturday,1.0
E10786,Sunday,1.0
E10787,Monday,1.0
E10787,Tuesday,1.0
E10787,Wednesday,0.0
E10787,Thursday,1.0
E10787,Friday,0.0
E10787,Saturday,1.0
E10787,Sunday,1.0
E10788,Monday,1.0
E10788,Tuesday,1.0
E10788,Wednesday,1.0
E10788,Thursday,0.0
E10788,Friday,1.0
E10788,Saturday,0.0
E10788,Sunday,1.0
E10789,Monday,1.0
E10789,Tuesday,1.0
E10789,Wednesday,1.0
E10789,Thursday,0.0
E10789,Friday,1.0
E10789,Saturday,1.0
E10789,Sunday,0.0
E10791,Monday,1.0
E10791,Tuesday,0.0
E10791,Wednesday,1.0
E10791,Thursday,1.0
E10791,Friday,0.0
E10791,Saturday,1.0
E10791,Sunday,1.0
E10792,Monday,1.0
E10792,Tuesday,1.0
E10792,Wednesday,1.0
E10792,Thursday,1.0
E10792,Friday,1.0
E10792,Saturday,1.0
E10792,Sunday,0.0
E10794,Monday,1.0
E10794,Tuesday,0.0
E10794,Wednesday,1.0
E10794,Thursday,0.0
E10794,Friday,1.0
E10794,Saturday,1.0
E10794,Sunday,1.0
E10795,Monday,0.0
E10795,Tuesday,0.0
E10795,Wednesday,1.0
E10795,Thursday,1.0
E10795,Friday,1.0
E10795,Saturday,1.0
E10795,Sunday,1.0
E10799,Monday,1.0
E10799,Tuesday,1.0
E10799,Wednesday,1.0
E10799,Thursday,1.0
E10799,Friday,1.0
E10799,Saturday,1.0
E10799,Sunday,0.0
